-- TEST DATA

-- INSERT INTO USER (ADMIN_USER and REGULAR will be updated too)
INSERT INTO `self_service_db`.`USER` (`firstname`, `lastname`, `username`, `email`, `department`, `city`, `password`, `region`, `admin`, `admin_request`, `question`, `answer`) VALUES ('Francisco', 'Duran', 'fgalindo', 'fgalindo@talend.com', 'devops', 'atl', '5e884898da28047151d0e56f8dc62927', 'APAC', '0', '0', '', '');
INSERT INTO `self_service_db`.`USER` (`firstname`, `lastname`, `username`, `email`, `department`, `city`, `password`, `region`, `admin`, `admin_request`, `question`, `answer`) VALUES ('Abdoul Karim', 'Diallo', 'fgalindo', 'adiallo@talend.com', 'escalation', 'atl', '5e884898da28047151d0e56f8dc62927', 'APAC', '0', '0', '', '');

-- UPDATE USER SET to admin
UPDATE `self_service_db`.`USER` SET `admin`=1 WHERE `username`='fgalindo';

-- INSERT INTO TEMPLATE
-- UBUNTU
-- 6.0.1
INSERT INTO `self_service_db`.`TEMPLATE` (`template_uuid`, `template_name`, `username`, `creation_date`, `last_edit`, `os`, `os_version`, `talend_version`, `talend_component`, `jdk_version`, `jdk_update`, `tomcat_version`) VALUES ('00000001', 'tac601-ubuntu1204-jdk8u151', 'adiallo', '2018-03-29', '2018-03-29', 'ubuntu', '12.04', '6.0.1', 'tac', '8', '151', '8.0');
INSERT INTO `self_service_db`.`TEMPLATE` (`template_uuid`, `template_name`, `username`, `creation_date`, `last_edit`, `os`, `os_version`, `talend_version`, `talend_component`, `jdk_version`, `jdk_update`, `tomcat_version`) VALUES ('00000002', 'tac601-ubuntu1404-jdk8u151', 'fgalindo', '2018-03-29', '2018-03-29', 'ubuntu', '14.04', '6.0.1', 'tac', '8', '151', '7.0');

INSERT INTO `self_service_db`.`TEMPLATE` (`template_uuid`, `template_name`, `username`, `creation_date`, `last_edit`, `os`, `os_version`, `talend_version`, `talend_component`, `jdk_version`, `jdk_update`) VALUES ('00000003', 'jobserver601-ubuntu1204-jdk8u141', 'adiallo', '2018-03-29', '2018-03-29', 'ubuntu', '12.04', '6.0.1', 'jobserver', '8', '141');
INSERT INTO `self_service_db`.`TEMPLATE` (`template_uuid`, `template_name`, `username`, `creation_date`, `last_edit`, `os`, `os_version`, `talend_version`, `talend_component`, `jdk_version`, `jdk_update`) VALUES ('00000004', 'jobserver601-ubuntu1404-jdk8u141', 'fgalindo', '2018-03-29', '2018-03-29', 'ubuntu', '14.04', '6.0.1', 'jobserver', '8', '141');

INSERT INTO `self_service_db`.`TEMPLATE` (`template_uuid`, `template_name`, `username`, `creation_date`, `last_edit`, `os`, `os_version`, `talend_version`, `talend_component`, `jdk_version`, `jdk_update`) VALUES ('00000005', 'cmdline601-ubuntu1204-jdk8u161', 'adiallo', '2018-03-29', '2018-03-29', 'ubuntu', '12.04', '6.0.1', 'cmdline', '8', '161');
INSERT INTO `self_service_db`.`TEMPLATE` (`template_uuid`, `template_name`, `username`, `creation_date`, `last_edit`, `os`, `os_version`, `talend_version`, `talend_component`, `jdk_version`, `jdk_update`) VALUES ('00000006', 'cmdline601-ubuntu1404-jdk8u161', 'fgalindo', '2018-03-29', '2018-03-29', 'ubuntu', '14.04', '6.0.1', 'cmdline', '8', '161');

-- 6.1.1
INSERT INTO `self_service_db`.`TEMPLATE` (`template_uuid`, `template_name`, `username`, `creation_date`, `last_edit`, `os`, `os_version`, `talend_version`, `talend_component`, `jdk_version`, `jdk_update`, `tomcat_version`) VALUES ('00000007', 'tac611-ubuntu1204-jdk8u151', 'adiallo', '2018-03-29', '2018-03-29', 'ubuntu', '12.04', '6.1.1', 'tac', '8', '151', '8.0');
INSERT INTO `self_service_db`.`TEMPLATE` (`template_uuid`, `template_name`, `username`, `creation_date`, `last_edit`, `os`, `os_version`, `talend_version`, `talend_component`, `jdk_version`, `jdk_update`, `tomcat_version`) VALUES ('00000008', 'tac611-ubuntu1604-jdk8u151', 'adiallo', '2018-03-29', '2018-03-29', 'ubuntu', '16.04', '6.1.1', 'tac', '8', '151', '7.0');
INSERT INTO `self_service_db`.`TEMPLATE` (`template_uuid`, `template_name`, `username`, `creation_date`, `last_edit`, `os`, `os_version`, `talend_version`, `talend_component`, `jdk_version`, `jdk_update`, `tomcat_version`) VALUES ('00000009', 'tac611-ubuntu1710-jdk8u151', 'fgalindo', '2018-03-29', '2018-03-29', 'ubuntu', '17.10', '6.1.1', 'tac', '8', '151', '8.0');

INSERT INTO `self_service_db`.`TEMPLATE` (`template_uuid`, `template_name`, `username`, `creation_date`, `last_edit`, `os`, `os_version`, `talend_version`, `talend_component`, `jdk_version`, `jdk_update`) VALUES ('00000010', 'jobserver611-ubuntu1204-jdk8u141', 'adiallo', '2018-03-29', '2018-03-29', 'ubuntu', '12.04', '6.1.1', 'jobserver', '8', '141');
INSERT INTO `self_service_db`.`TEMPLATE` (`template_uuid`, `template_name`, `username`, `creation_date`, `last_edit`, `os`, `os_version`, `talend_version`, `talend_component`, `jdk_version`, `jdk_update`) VALUES ('00000011', 'jobserver611-ubuntu1604-jdk8u141', 'adiallo', '2018-03-29', '2018-03-29', 'ubuntu', '16.04', '6.1.1', 'jobserver', '8', '141');
INSERT INTO `self_service_db`.`TEMPLATE` (`template_uuid`, `template_name`, `username`, `creation_date`, `last_edit`, `os`, `os_version`, `talend_version`, `talend_component`, `jdk_version`, `jdk_update`) VALUES ('00000012', 'jobserver611-ubuntu1710-jdk8u141', 'fgalindo', '2018-03-29', '2018-03-29', 'ubuntu', '17.10', '6.1.1', 'jobserver', '8', '141');

INSERT INTO `self_service_db`.`TEMPLATE` (`template_uuid`, `template_name`, `username`, `creation_date`, `last_edit`, `os`, `os_version`, `talend_version`, `talend_component`, `jdk_version`, `jdk_update`) VALUES ('00000013', 'cmdline611-ubuntu1204-jdk8u161', 'adiallo', '2018-03-29', '2018-03-29', 'ubuntu', '12.04', '6.1.1', 'cmdline', '8', '161');
INSERT INTO `self_service_db`.`TEMPLATE` (`template_uuid`, `template_name`, `username`, `creation_date`, `last_edit`, `os`, `os_version`, `talend_version`, `talend_component`, `jdk_version`, `jdk_update`) VALUES ('00000014', 'cmdline611-ubuntu1604-jdk8u161', 'adiallo', '2018-03-29', '2018-03-29', 'ubuntu', '16.04', '6.1.1', 'cmdline', '8', '161');
INSERT INTO `self_service_db`.`TEMPLATE` (`template_uuid`, `template_name`, `username`, `creation_date`, `last_edit`, `os`, `os_version`, `talend_version`, `talend_component`, `jdk_version`, `jdk_update`) VALUES ('00000015', 'cmdline611-ubuntu1710-jdk8u161', 'fgalindo', '2018-03-29', '2018-03-29', 'ubuntu', '17.10', '6.1.1', 'cmdline', '8', '161');

-- 6.2.1
INSERT INTO `self_service_db`.`TEMPLATE` (`template_uuid`, `template_name`, `username`, `creation_date`, `last_edit`, `os`, `os_version`, `talend_version`, `talend_component`, `jdk_version`, `jdk_update`, `tomcat_version`) VALUES ('00000016', 'tac621-ubuntu1204-jdk8u151', 'adiallo', '2018-03-29', '2018-03-29', 'ubuntu', '12.04', '6.2.1', 'tac', '8', '151', '7.0');
INSERT INTO `self_service_db`.`TEMPLATE` (`template_uuid`, `template_name`, `username`, `creation_date`, `last_edit`, `os`, `os_version`, `talend_version`, `talend_component`, `jdk_version`, `jdk_update`, `tomcat_version`) VALUES ('00000017', 'tac621-ubuntu1404-jdk8u151', 'fgalindo', '2018-03-29', '2018-03-29', 'ubuntu', '14.04', '6.2.1', 'tac', '8', '151', '8.0');
INSERT INTO `self_service_db`.`TEMPLATE` (`template_uuid`, `template_name`, `username`, `creation_date`, `last_edit`, `os`, `os_version`, `talend_version`, `talend_component`, `jdk_version`, `jdk_update`, `tomcat_version`) VALUES ('00000018', 'tac621-ubuntu1604-jdk8u151', 'adiallo', '2018-03-29', '2018-03-29', 'ubuntu', '16.04', '6.2.1', 'tac', '8', '151', '7.0');

INSERT INTO `self_service_db`.`TEMPLATE` (`template_uuid`, `template_name`, `username`, `creation_date`, `last_edit`, `os`, `os_version`, `talend_version`, `talend_component`, `jdk_version`, `jdk_update`) VALUES ('00000019', 'jobserver621-ubuntu1204-jdk8u141', 'adiallo', '2018-03-29', '2018-03-29', 'ubuntu', '12.04', '6.2.1', 'jobserver', '8', '141');
INSERT INTO `self_service_db`.`TEMPLATE` (`template_uuid`, `template_name`, `username`, `creation_date`, `last_edit`, `os`, `os_version`, `talend_version`, `talend_component`, `jdk_version`, `jdk_update`) VALUES ('00000020', 'jobserver621-ubuntu1404-jdk8u141', 'fgalindo', '2018-03-29', '2018-03-29', 'ubuntu', '14.04', '6.2.1', 'jobserver', '8', '141');
INSERT INTO `self_service_db`.`TEMPLATE` (`template_uuid`, `template_name`, `username`, `creation_date`, `last_edit`, `os`, `os_version`, `talend_version`, `talend_component`, `jdk_version`, `jdk_update`) VALUES ('00000021', 'jobserver621-ubuntu1604-jdk8u141', 'adiallo', '2018-03-29', '2018-03-29', 'ubuntu', '16.04', '6.2.1', 'jobserver', '8', '141');

INSERT INTO `self_service_db`.`TEMPLATE` (`template_uuid`, `template_name`, `username`, `creation_date`, `last_edit`, `os`, `os_version`, `talend_version`, `talend_component`, `jdk_version`, `jdk_update`) VALUES ('00000022', 'cmdline621-ubuntu1204-jdk8u161', 'adiallo', '2018-03-29', '2018-03-29', 'ubuntu', '12.04', '6.2.1', 'cmdline', '8', '161');
INSERT INTO `self_service_db`.`TEMPLATE` (`template_uuid`, `template_name`, `username`, `creation_date`, `last_edit`, `os`, `os_version`, `talend_version`, `talend_component`, `jdk_version`, `jdk_update`) VALUES ('00000023', 'cmdline621-ubuntu1404-jdk8u161', 'fgalindo', '2018-03-29', '2018-03-29', 'ubuntu', '14.04', '6.2.1', 'cmdline', '8', '161');
INSERT INTO `self_service_db`.`TEMPLATE` (`template_uuid`, `template_name`, `username`, `creation_date`, `last_edit`, `os`, `os_version`, `talend_version`, `talend_component`, `jdk_version`, `jdk_update`) VALUES ('00000024', 'cmdline621-ubuntu1604-jdk8u161', 'adiallo', '2018-03-29', '2018-03-29', 'ubuntu', '16.04', '6.2.1', 'cmdline', '8', '161');

-- 6.3.1
INSERT INTO `self_service_db`.`TEMPLATE` (`template_uuid`, `template_name`, `username`, `creation_date`, `last_edit`, `os`, `os_version`, `talend_version`, `talend_component`, `jdk_version`, `jdk_update`, `tomcat_version`) VALUES ('00000025', 'tac631-ubuntu1204-jdk8u151', 'adiallo', '2018-03-29', '2018-03-29', 'ubuntu', '12.04', '6.3.1', 'tac', '8', '151', '8.0');
INSERT INTO `self_service_db`.`TEMPLATE` (`template_uuid`, `template_name`, `username`, `creation_date`, `last_edit`, `os`, `os_version`, `talend_version`, `talend_component`, `jdk_version`, `jdk_update`, `tomcat_version`) VALUES ('00000026', 'tac631-ubuntu1404-jdk8u151', 'fgalindo', '2018-03-29', '2018-03-29', 'ubuntu', '14.04', '6.3.1', 'tac', '8', '151', '7.0');
INSERT INTO `self_service_db`.`TEMPLATE` (`template_uuid`, `template_name`, `username`, `creation_date`, `last_edit`, `os`, `os_version`, `talend_version`, `talend_component`, `jdk_version`, `jdk_update`, `tomcat_version`) VALUES ('00000027', 'tac631-ubuntu1604-jdk8u151', 'adiallo', '2018-03-29', '2018-03-29', 'ubuntu', '16.04', '6.3.1', 'tac', '8', '151', '8.0');

INSERT INTO `self_service_db`.`TEMPLATE` (`template_uuid`, `template_name`, `username`, `creation_date`, `last_edit`, `os`, `os_version`, `talend_version`, `talend_component`, `jdk_version`, `jdk_update`) VALUES ('00000028', 'jobserver631-ubuntu1204-jdk8u141', 'adiallo', '2018-03-29', '2018-03-29', 'ubuntu', '12.04', '6.3.1', 'jobserver', '8', '141');
INSERT INTO `self_service_db`.`TEMPLATE` (`template_uuid`, `template_name`, `username`, `creation_date`, `last_edit`, `os`, `os_version`, `talend_version`, `talend_component`, `jdk_version`, `jdk_update`) VALUES ('00000029', 'jobserver631-ubuntu1404-jdk8u141', 'fgalindo', '2018-03-29', '2018-03-29', 'ubuntu', '14.04', '6.3.1', 'jobserver', '8', '141');
INSERT INTO `self_service_db`.`TEMPLATE` (`template_uuid`, `template_name`, `username`, `creation_date`, `last_edit`, `os`, `os_version`, `talend_version`, `talend_component`, `jdk_version`, `jdk_update`) VALUES ('00000030', 'jobserver631-ubuntu1604-jdk8u141', 'adiallo', '2018-03-29', '2018-03-29', 'ubuntu', '16.04', '6.3.1', 'jobserver', '8', '141');

INSERT INTO `self_service_db`.`TEMPLATE` (`template_uuid`, `template_name`, `username`, `creation_date`, `last_edit`, `os`, `os_version`, `talend_version`, `talend_component`, `jdk_version`, `jdk_update`) VALUES ('00000031', 'cmdline631-ubuntu1204-jdk8u161', 'adiallo', '2018-03-29', '2018-03-29', 'ubuntu', '12.04', '6.3.1', 'cmdline', '8', '161');
INSERT INTO `self_service_db`.`TEMPLATE` (`template_uuid`, `template_name`, `username`, `creation_date`, `last_edit`, `os`, `os_version`, `talend_version`, `talend_component`, `jdk_version`, `jdk_update`) VALUES ('00000032', 'cmdline631-ubuntu1404-jdk8u161', 'fgalindo', '2018-03-29', '2018-03-29', 'ubuntu', '14.04', '6.3.1', 'cmdline', '8', '161');
INSERT INTO `self_service_db`.`TEMPLATE` (`template_uuid`, `template_name`, `username`, `creation_date`, `last_edit`, `os`, `os_version`, `talend_version`, `talend_component`, `jdk_version`, `jdk_update`) VALUES ('00000033', 'cmdline631-ubuntu1604-jdk8u161', 'adiallo', '2018-03-29', '2018-03-29', 'ubuntu', '16.04', '6.3.1', 'cmdline', '8', '161');

-- 6.4.1
INSERT INTO `self_service_db`.`TEMPLATE` (`template_uuid`, `template_name`, `username`, `creation_date`, `last_edit`, `os`, `os_version`, `talend_version`, `talend_component`, `jdk_version`, `jdk_update`, `tomcat_version`) VALUES ('00000034', 'tac641-ubuntu1404-jdk8u151', 'fgalindo', '2018-03-29', '2018-03-29', 'ubuntu', '14.04', '6.4.1', 'tac', '8', '151', '7.0');
INSERT INTO `self_service_db`.`TEMPLATE` (`template_uuid`, `template_name`, `username`, `creation_date`, `last_edit`, `os`, `os_version`, `talend_version`, `talend_component`, `jdk_version`, `jdk_update`, `tomcat_version`) VALUES ('00000035', 'tac641-ubuntu1604-jdk8u151', 'adiallo', '2018-03-29', '2018-03-29', 'ubuntu', '16.04', '6.4.1', 'tac', '8', '151', '8.0');
INSERT INTO `self_service_db`.`TEMPLATE` (`template_uuid`, `template_name`, `username`, `creation_date`, `last_edit`, `os`, `os_version`, `talend_version`, `talend_component`, `jdk_version`, `jdk_update`, `tomcat_version`) VALUES ('00000036', 'tac641-ubuntu1710-jdk8u151', 'fgalindo', '2018-03-29', '2018-03-29', 'ubuntu', '17.10', '6.4.1', 'tac', '8', '151', '7.0');

INSERT INTO `self_service_db`.`TEMPLATE` (`template_uuid`, `template_name`, `username`, `creation_date`, `last_edit`, `os`, `os_version`, `talend_version`, `talend_component`, `jdk_version`, `jdk_update`) VALUES ('00000037', 'jobserver641-ubuntu1404-jdk8u141', 'fgalindo', '2018-03-29', '2018-03-29', 'ubuntu', '14.04', '6.4.1', 'jobserver', '8', '141');
INSERT INTO `self_service_db`.`TEMPLATE` (`template_uuid`, `template_name`, `username`, `creation_date`, `last_edit`, `os`, `os_version`, `talend_version`, `talend_component`, `jdk_version`, `jdk_update`) VALUES ('00000038', 'jobserver641-ubuntu1604-jdk8u141', 'adiallo', '2018-03-29', '2018-03-29', 'ubuntu', '16.04', '6.4.1', 'jobserver', '8', '141');
INSERT INTO `self_service_db`.`TEMPLATE` (`template_uuid`, `template_name`, `username`, `creation_date`, `last_edit`, `os`, `os_version`, `talend_version`, `talend_component`, `jdk_version`, `jdk_update`) VALUES ('00000039', 'jobserver641-ubuntu1710-jdk8u141', 'fgalindo', '2018-03-29', '2018-03-29', 'ubuntu', '17.10', '6.4.1', 'jobserver', '8', '141');

INSERT INTO `self_service_db`.`TEMPLATE` (`template_uuid`, `template_name`, `username`, `creation_date`, `last_edit`, `os`, `os_version`, `talend_version`, `talend_component`, `jdk_version`, `jdk_update`) VALUES ('00000040', 'cmdline641-ubuntu1404-jdk8u161', 'fgalindo', '2018-03-29', '2018-03-29', 'ubuntu', '14.04', '6.4.1', 'cmdline', '8', '161');
INSERT INTO `self_service_db`.`TEMPLATE` (`template_uuid`, `template_name`, `username`, `creation_date`, `last_edit`, `os`, `os_version`, `talend_version`, `talend_component`, `jdk_version`, `jdk_update`) VALUES ('00000041', 'cmdline641-ubuntu1604-jdk8u161', 'adiallo', '2018-03-29', '2018-03-29', 'ubuntu', '16.04', '6.4.1', 'cmdline', '8', '161');
INSERT INTO `self_service_db`.`TEMPLATE` (`template_uuid`, `template_name`, `username`, `creation_date`, `last_edit`, `os`, `os_version`, `talend_version`, `talend_component`, `jdk_version`, `jdk_update`) VALUES ('00000042', 'cmdline641-ubuntu1710-jdk8u161', 'fgalindo', '2018-03-29', '2018-03-29', 'ubuntu', '17.10', '6.4.1', 'cmdline', '8', '161');

-- 6.5.1
INSERT INTO `self_service_db`.`TEMPLATE` (`template_uuid`, `template_name`, `username`, `creation_date`, `last_edit`, `os`, `os_version`, `talend_version`, `talend_component`, `jdk_version`, `jdk_update`, `tomcat_version`) VALUES ('00000043', 'tac651-ubuntu1204-jdk8u151', 'adiallo', '2018-03-29', '2018-03-29', 'ubuntu', '12.04', '6.5.1', 'tac', '8', '151', '8.0');
INSERT INTO `self_service_db`.`TEMPLATE` (`template_uuid`, `template_name`, `username`, `creation_date`, `last_edit`, `os`, `os_version`, `talend_version`, `talend_component`, `jdk_version`, `jdk_update`, `tomcat_version`) VALUES ('00000044', 'tac651-ubuntu1404-jdk8u151', 'fgalindo', '2018-03-29', '2018-03-29', 'ubuntu', '14.04', '6.5.1', 'tac', '8', '151', '8.0');
INSERT INTO `self_service_db`.`TEMPLATE` (`template_uuid`, `template_name`, `username`, `creation_date`, `last_edit`, `os`, `os_version`, `talend_version`, `talend_component`, `jdk_version`, `jdk_update`, `tomcat_version`) VALUES ('00000045', 'tac651-ubuntu1604-jdk8u151', 'adiallo', '2018-03-29', '2018-03-29', 'ubuntu', '16.04', '6.5.1', 'tac', '8', '151', '8.0');
INSERT INTO `self_service_db`.`TEMPLATE` (`template_uuid`, `template_name`, `username`, `creation_date`, `last_edit`, `os`, `os_version`, `talend_version`, `talend_component`, `jdk_version`, `jdk_update`, `tomcat_version`) VALUES ('00000046', 'tac651-ubuntu1710-jdk8u151', 'fgalindo', '2018-03-29', '2018-03-29', 'ubuntu', '17.10', '6.5.1', 'tac', '8', '151', '8.0');

INSERT INTO `self_service_db`.`TEMPLATE` (`template_uuid`, `template_name`, `username`, `creation_date`, `last_edit`, `os`, `os_version`, `talend_version`, `talend_component`, `jdk_version`, `jdk_update`) VALUES ('00000047', 'jobserver651-ubuntu1204-jdk8u141', 'adiallo', '2018-03-29', '2018-03-29', 'ubuntu', '12.04', '6.5.1', 'jobserver', '8', '141');
INSERT INTO `self_service_db`.`TEMPLATE` (`template_uuid`, `template_name`, `username`, `creation_date`, `last_edit`, `os`, `os_version`, `talend_version`, `talend_component`, `jdk_version`, `jdk_update`) VALUES ('00000048', 'jobserver651-ubuntu1404-jdk8u141', 'fgalindo', '2018-03-29', '2018-03-29', 'ubuntu', '14.04', '6.5.1', 'jobserver', '8', '141');
INSERT INTO `self_service_db`.`TEMPLATE` (`template_uuid`, `template_name`, `username`, `creation_date`, `last_edit`, `os`, `os_version`, `talend_version`, `talend_component`, `jdk_version`, `jdk_update`) VALUES ('00000049', 'jobserver651-ubuntu1604-jdk8u141', 'adiallo', '2018-03-29', '2018-03-29', 'ubuntu', '16.04', '6.5.1', 'jobserver', '8', '141');
INSERT INTO `self_service_db`.`TEMPLATE` (`template_uuid`, `template_name`, `username`, `creation_date`, `last_edit`, `os`, `os_version`, `talend_version`, `talend_component`, `jdk_version`, `jdk_update`) VALUES ('00000050', 'jobserver651-ubuntu1710-jdk8u141', 'fgalindo', '2018-03-29', '2018-03-29', 'ubuntu', '17.10', '6.5.1', 'jobserver', '8', '141');

INSERT INTO `self_service_db`.`TEMPLATE` (`template_uuid`, `template_name`, `username`, `creation_date`, `last_edit`, `os`, `os_version`, `talend_version`, `talend_component`, `jdk_version`, `jdk_update`) VALUES ('00000051', 'cmdline651-ubuntu1204-jdk8u161', 'adiallo', '2018-03-29', '2018-03-29', 'ubuntu', '12.04', '6.5.1', 'cmdline', '8', '161');
INSERT INTO `self_service_db`.`TEMPLATE` (`template_uuid`, `template_name`, `username`, `creation_date`, `last_edit`, `os`, `os_version`, `talend_version`, `talend_component`, `jdk_version`, `jdk_update`) VALUES ('00000052', 'cmdline651-ubuntu1404-jdk8u161', 'fgalindo', '2018-03-29', '2018-03-29', 'ubuntu', '14.04', '6.5.1', 'cmdline', '8', '161');
INSERT INTO `self_service_db`.`TEMPLATE` (`template_uuid`, `template_name`, `username`, `creation_date`, `last_edit`, `os`, `os_version`, `talend_version`, `talend_component`, `jdk_version`, `jdk_update`) VALUES ('00000053', 'cmdline651-ubuntu1604-jdk8u161', 'adiallo', '2018-03-29', '2018-03-29', 'ubuntu', '16.04', '6.5.1', 'cmdline', '8', '161');
INSERT INTO `self_service_db`.`TEMPLATE` (`template_uuid`, `template_name`, `username`, `creation_date`, `last_edit`, `os`, `os_version`, `talend_version`, `talend_component`, `jdk_version`, `jdk_update`) VALUES ('00000054', 'cmdline651-ubuntu1710-jdk8u161', 'fgalindo', '2018-03-29', '2018-03-29', 'ubuntu', '17.10', '6.5.1', 'cmdline', '8', '161');
-- CENTOS
-- 6.0.1
INSERT INTO `self_service_db`.`TEMPLATE` (`template_uuid`, `template_name`, `username`, `creation_date`, `last_edit`, `os`, `os_version`, `talend_version`, `talend_component`, `jdk_version`, `jdk_update`, `tomcat_version`) VALUES ('00000055', 'tac601-centos66-jdk8u151', 'adiallo', '2018-03-29', '2018-03-29', 'centos', '6.6', '6.0.1', 'tac', '8', '151', '8.0');
INSERT INTO `self_service_db`.`TEMPLATE` (`template_uuid`, `template_name`, `username`, `creation_date`, `last_edit`, `os`, `os_version`, `talend_version`, `talend_component`, `jdk_version`, `jdk_update`, `tomcat_version`) VALUES ('00000056', 'tac601-centos71-jdk8u151', 'fgalindo', '2018-03-29', '2018-03-29', 'centos', '7.1', '6.0.1', 'tac', '8', '151', '7.0');

INSERT INTO `self_service_db`.`TEMPLATE` (`template_uuid`, `template_name`, `username`, `creation_date`, `last_edit`, `os`, `os_version`, `talend_version`, `talend_component`, `jdk_version`, `jdk_update`) VALUES ('00000057', 'jobserver601-centos1204-jdk8u66', 'adiallo', '2018-03-29', '2018-03-29', 'centos', '6.6', '6.0.1', 'jobserver', '8', '141');
INSERT INTO `self_service_db`.`TEMPLATE` (`template_uuid`, `template_name`, `username`, `creation_date`, `last_edit`, `os`, `os_version`, `talend_version`, `talend_component`, `jdk_version`, `jdk_update`) VALUES ('00000058', 'jobserver601-centos1404-jdk8u71', 'fgalindo', '2018-03-29', '2018-03-29', 'centos', '7.1', '6.0.1', 'jobserver', '8', '141');

INSERT INTO `self_service_db`.`TEMPLATE` (`template_uuid`, `template_name`, `username`, `creation_date`, `last_edit`, `os`, `os_version`, `talend_version`, `talend_component`, `jdk_version`, `jdk_update`) VALUES ('00000059', 'cmdline601-centos1204-jdk8u66', 'adiallo', '2018-03-29', '2018-03-29', 'centos', '6.6', '6.0.1', 'cmdline', '8', '161');
INSERT INTO `self_service_db`.`TEMPLATE` (`template_uuid`, `template_name`, `username`, `creation_date`, `last_edit`, `os`, `os_version`, `talend_version`, `talend_component`, `jdk_version`, `jdk_update`) VALUES ('00000060', 'cmdline601-centos1404-jdk8u71', 'fgalindo', '2018-03-29', '2018-03-29', 'centos', '7.1', '6.0.1', 'cmdline', '8', '161');

-- 6.1.1
INSERT INTO `self_service_db`.`TEMPLATE` (`template_uuid`, `template_name`, `username`, `creation_date`, `last_edit`, `os`, `os_version`, `talend_version`, `talend_component`, `jdk_version`, `jdk_update`, `tomcat_version`) VALUES ('00000061', 'tac611-centos66-jdk8u151', 'adiallo', '2018-03-29', '2018-03-29', 'centos', '6.6', '6.1.1', 'tac', '8', '151', '8.0');
INSERT INTO `self_service_db`.`TEMPLATE` (`template_uuid`, `template_name`, `username`, `creation_date`, `last_edit`, `os`, `os_version`, `talend_version`, `talend_component`, `jdk_version`, `jdk_update`, `tomcat_version`) VALUES ('00000062', 'tac611-centos71-jdk8u151', 'adiallo', '2018-03-29', '2018-03-29', 'centos', '7.1', '6.1.1', 'tac', '8', '151', '7.0');

INSERT INTO `self_service_db`.`TEMPLATE` (`template_uuid`, `template_name`, `username`, `creation_date`, `last_edit`, `os`, `os_version`, `talend_version`, `talend_component`, `jdk_version`, `jdk_update`) VALUES ('00000063', 'jobserver611-centos66-jdk8u141', 'adiallo', '2018-03-29', '2018-03-29', 'centos', '6.6', '6.1.1', 'jobserver', '8', '141');
INSERT INTO `self_service_db`.`TEMPLATE` (`template_uuid`, `template_name`, `username`, `creation_date`, `last_edit`, `os`, `os_version`, `talend_version`, `talend_component`, `jdk_version`, `jdk_update`) VALUES ('00000064', 'jobserver611-centos71-jdk8u141', 'adiallo', '2018-03-29', '2018-03-29', 'centos', '7.1', '6.1.1', 'jobserver', '8', '141');

INSERT INTO `self_service_db`.`TEMPLATE` (`template_uuid`, `template_name`, `username`, `creation_date`, `last_edit`, `os`, `os_version`, `talend_version`, `talend_component`, `jdk_version`, `jdk_update`) VALUES ('00000065', 'cmdline611-centos66-jdk8u161', 'adiallo', '2018-03-29', '2018-03-29', 'centos', '6.6', '6.1.1', 'cmdline', '8', '161');
INSERT INTO `self_service_db`.`TEMPLATE` (`template_uuid`, `template_name`, `username`, `creation_date`, `last_edit`, `os`, `os_version`, `talend_version`, `talend_component`, `jdk_version`, `jdk_update`) VALUES ('00000066', 'cmdline611-centos71-jdk8u161', 'adiallo', '2018-03-29', '2018-03-29', 'centos', '7.1', '6.1.1', 'cmdline', '8', '161');

-- 6.2.1
INSERT INTO `self_service_db`.`TEMPLATE` (`template_uuid`, `template_name`, `username`, `creation_date`, `last_edit`, `os`, `os_version`, `talend_version`, `talend_component`, `jdk_version`, `jdk_update`, `tomcat_version`) VALUES ('00000067', 'tac621-centos67-jdk8u151', 'adiallo', '2018-03-29', '2018-03-29', 'centos', '6.7', '6.2.1', 'tac', '8', '151', '7.0');
INSERT INTO `self_service_db`.`TEMPLATE` (`template_uuid`, `template_name`, `username`, `creation_date`, `last_edit`, `os`, `os_version`, `talend_version`, `talend_component`, `jdk_version`, `jdk_update`, `tomcat_version`) VALUES ('00000068', 'tac621-centos68-jdk8u151', 'fgalindo', '2018-03-29', '2018-03-29', 'centos', '6.8', '6.2.1', 'tac', '8', '151', '8.0');
INSERT INTO `self_service_db`.`TEMPLATE` (`template_uuid`, `template_name`, `username`, `creation_date`, `last_edit`, `os`, `os_version`, `talend_version`, `talend_component`, `jdk_version`, `jdk_update`, `tomcat_version`) VALUES ('00000069', 'tac621-centos72jdk8u151', 'adiallo', '2018-03-29', '2018-03-29', 'centos', '7.2', '6.2.1', 'tac', '8', '151', '7.0');
INSERT INTO `self_service_db`.`TEMPLATE` (`template_uuid`, `template_name`, `username`, `creation_date`, `last_edit`, `os`, `os_version`, `talend_version`, `talend_component`, `jdk_version`, `jdk_update`, `tomcat_version`) VALUES ('00000070', 'tac621-centos73jdk8u151', 'adiallo', '2018-03-29', '2018-03-29', 'centos', '7.3', '6.2.1', 'tac', '8', '151', '7.0');

INSERT INTO `self_service_db`.`TEMPLATE` (`template_uuid`, `template_name`, `username`, `creation_date`, `last_edit`, `os`, `os_version`, `talend_version`, `talend_component`, `jdk_version`, `jdk_update`) VALUES ('00000071', 'jobserver621-centos67-jdk8u141', 'adiallo', '2018-03-29', '2018-03-29', 'centos', '6.7', '6.2.1', 'jobserver', '8', '141');
INSERT INTO `self_service_db`.`TEMPLATE` (`template_uuid`, `template_name`, `username`, `creation_date`, `last_edit`, `os`, `os_version`, `talend_version`, `talend_component`, `jdk_version`, `jdk_update`) VALUES ('00000072', 'jobserver621-centos68-jdk8u141', 'fgalindo', '2018-03-29', '2018-03-29', 'centos', '6.8', '6.2.1', 'jobserver', '8', '141');
INSERT INTO `self_service_db`.`TEMPLATE` (`template_uuid`, `template_name`, `username`, `creation_date`, `last_edit`, `os`, `os_version`, `talend_version`, `talend_component`, `jdk_version`, `jdk_update`) VALUES ('00000073', 'jobserver621-centos72-jdk8u141', 'adiallo', '2018-03-29', '2018-03-29', 'centos', '7.2', '6.2.1', 'jobserver', '8', '141');
INSERT INTO `self_service_db`.`TEMPLATE` (`template_uuid`, `template_name`, `username`, `creation_date`, `last_edit`, `os`, `os_version`, `talend_version`, `talend_component`, `jdk_version`, `jdk_update`) VALUES ('00000074', 'jobserver621-centos73-jdk8u141', 'adiallo', '2018-03-29', '2018-03-29', 'centos', '7.3', '6.2.1', 'jobserver', '8', '141');

INSERT INTO `self_service_db`.`TEMPLATE` (`template_uuid`, `template_name`, `username`, `creation_date`, `last_edit`, `os`, `os_version`, `talend_version`, `talend_component`, `jdk_version`, `jdk_update`) VALUES ('00000075', 'cmdline621-centos67-jdk8u161', 'adiallo', '2018-03-29', '2018-03-29', 'centos', '6.7', '6.2.1', 'cmdline', '8', '161');
INSERT INTO `self_service_db`.`TEMPLATE` (`template_uuid`, `template_name`, `username`, `creation_date`, `last_edit`, `os`, `os_version`, `talend_version`, `talend_component`, `jdk_version`, `jdk_update`) VALUES ('00000076', 'cmdline621-centos68-jdk8u161', 'fgalindo', '2018-03-29', '2018-03-29', 'centos', '6.8', '6.2.1', 'cmdline', '8', '161');
INSERT INTO `self_service_db`.`TEMPLATE` (`template_uuid`, `template_name`, `username`, `creation_date`, `last_edit`, `os`, `os_version`, `talend_version`, `talend_component`, `jdk_version`, `jdk_update`) VALUES ('00000077', 'cmdline621-centos72-jdk8u161', 'adiallo', '2018-03-29', '2018-03-29', 'centos', '7.2', '6.2.1', 'cmdline', '8', '161');
INSERT INTO `self_service_db`.`TEMPLATE` (`template_uuid`, `template_name`, `username`, `creation_date`, `last_edit`, `os`, `os_version`, `talend_version`, `talend_component`, `jdk_version`, `jdk_update`) VALUES ('00000078', 'cmdline621-centos73-jdk8u161', 'adiallo', '2018-03-29', '2018-03-29', 'centos', '7.3', '6.2.1', 'cmdline', '8', '161');

-- 6.3.1
INSERT INTO `self_service_db`.`TEMPLATE` (`template_uuid`, `template_name`, `username`, `creation_date`, `last_edit`, `os`, `os_version`, `talend_version`, `talend_component`, `jdk_version`, `jdk_update`, `tomcat_version`) VALUES ('00000079', 'tac631-centos67-jdk8u151', 'adiallo', '2018-03-29', '2018-03-29', 'centos', '6.7', '6.3.1', 'tac', '8', '151', '8.0');
INSERT INTO `self_service_db`.`TEMPLATE` (`template_uuid`, `template_name`, `username`, `creation_date`, `last_edit`, `os`, `os_version`, `talend_version`, `talend_component`, `jdk_version`, `jdk_update`, `tomcat_version`) VALUES ('00000080', 'tac631-centos68-jdk8u151', 'adiallo', '2018-03-29', '2018-03-29', 'centos', '6.8', '6.3.1', 'tac', '8', '151', '8.0');
INSERT INTO `self_service_db`.`TEMPLATE` (`template_uuid`, `template_name`, `username`, `creation_date`, `last_edit`, `os`, `os_version`, `talend_version`, `talend_component`, `jdk_version`, `jdk_update`, `tomcat_version`) VALUES ('00000081', 'tac631-centos71-jdk8u151', 'adiallo', '2018-03-29', '2018-03-29', 'centos', '7.1', '6.3.1', 'tac', '8', '151', '8.0');
INSERT INTO `self_service_db`.`TEMPLATE` (`template_uuid`, `template_name`, `username`, `creation_date`, `last_edit`, `os`, `os_version`, `talend_version`, `talend_component`, `jdk_version`, `jdk_update`, `tomcat_version`) VALUES ('00000082', 'tac631-centos72-jdk8u151', 'adiallo', '2018-03-29', '2018-03-29', 'centos', '7.2', '6.3.1', 'tac', '8', '151', '8.0');
INSERT INTO `self_service_db`.`TEMPLATE` (`template_uuid`, `template_name`, `username`, `creation_date`, `last_edit`, `os`, `os_version`, `talend_version`, `talend_component`, `jdk_version`, `jdk_update`, `tomcat_version`) VALUES ('00000083', 'tac631-centos73-jdk8u151', 'adiallo', '2018-03-29', '2018-03-29', 'centos', '7.3', '6.3.1', 'tac', '8', '151', '8.0');

INSERT INTO `self_service_db`.`TEMPLATE` (`template_uuid`, `template_name`, `username`, `creation_date`, `last_edit`, `os`, `os_version`, `talend_version`, `talend_component`, `jdk_version`, `jdk_update`) VALUES ('00000084', 'jobserver631-centos67-jdk8u161', 'adiallo', '2018-03-29', '2018-03-29', 'centos', '6.7', '6.3.1', 'jobserver', '8', '161');
INSERT INTO `self_service_db`.`TEMPLATE` (`template_uuid`, `template_name`, `username`, `creation_date`, `last_edit`, `os`, `os_version`, `talend_version`, `talend_component`, `jdk_version`, `jdk_update`) VALUES ('00000085', 'jobserver631-centos68-jdk8u161', 'adiallo', '2018-03-29', '2018-03-29', 'centos', '6.8', '6.3.1', 'jobserver', '8', '161');
INSERT INTO `self_service_db`.`TEMPLATE` (`template_uuid`, `template_name`, `username`, `creation_date`, `last_edit`, `os`, `os_version`, `talend_version`, `talend_component`, `jdk_version`, `jdk_update`) VALUES ('00000086', 'jobserver631-centos71-jdk8u161', 'adiallo', '2018-03-29', '2018-03-29', 'centos', '7.1', '6.3.1', 'jobserver', '8', '161');
INSERT INTO `self_service_db`.`TEMPLATE` (`template_uuid`, `template_name`, `username`, `creation_date`, `last_edit`, `os`, `os_version`, `talend_version`, `talend_component`, `jdk_version`, `jdk_update`) VALUES ('00000087', 'jobserver631-centos72-jdk8u161', 'adiallo', '2018-03-29', '2018-03-29', 'centos', '7.2', '6.3.1', 'jobserver', '8', '161');
INSERT INTO `self_service_db`.`TEMPLATE` (`template_uuid`, `template_name`, `username`, `creation_date`, `last_edit`, `os`, `os_version`, `talend_version`, `talend_component`, `jdk_version`, `jdk_update`) VALUES ('00000088', 'jobserver631-centos73-jdk8u161', 'adiallo', '2018-03-29', '2018-03-29', 'centos', '7.3', '6.3.1', 'jobserver', '8', '161');

INSERT INTO `self_service_db`.`TEMPLATE` (`template_uuid`, `template_name`, `username`, `creation_date`, `last_edit`, `os`, `os_version`, `talend_version`, `talend_component`, `jdk_version`, `jdk_update`) VALUES ('00000089', 'cmdline631-centos67-jdk8u161', 'adiallo', '2018-03-29', '2018-03-29', 'centos', '6.7', '6.3.1', 'cmdline', '8', '161');
INSERT INTO `self_service_db`.`TEMPLATE` (`template_uuid`, `template_name`, `username`, `creation_date`, `last_edit`, `os`, `os_version`, `talend_version`, `talend_component`, `jdk_version`, `jdk_update`) VALUES ('00000090', 'cmdline631-centos68-jdk8u161', 'adiallo', '2018-03-29', '2018-03-29', 'centos', '6.8', '6.3.1', 'cmdline', '8', '161');
INSERT INTO `self_service_db`.`TEMPLATE` (`template_uuid`, `template_name`, `username`, `creation_date`, `last_edit`, `os`, `os_version`, `talend_version`, `talend_component`, `jdk_version`, `jdk_update`) VALUES ('00000091', 'cmdline631-centos71-jdk8u161', 'adiallo', '2018-03-29', '2018-03-29', 'centos', '7.1', '6.3.1', 'cmdline', '8', '161');
INSERT INTO `self_service_db`.`TEMPLATE` (`template_uuid`, `template_name`, `username`, `creation_date`, `last_edit`, `os`, `os_version`, `talend_version`, `talend_component`, `jdk_version`, `jdk_update`) VALUES ('00000092', 'cmdline631-centos72-jdk8u161', 'adiallo', '2018-03-29', '2018-03-29', 'centos', '7.2', '6.3.1', 'cmdline', '8', '161');
INSERT INTO `self_service_db`.`TEMPLATE` (`template_uuid`, `template_name`, `username`, `creation_date`, `last_edit`, `os`, `os_version`, `talend_version`, `talend_component`, `jdk_version`, `jdk_update`) VALUES ('00000093', 'cmdline631-centos73-jdk8u161', 'adiallo', '2018-03-29', '2018-03-29', 'centos', '7.3', '6.3.1', 'cmdline', '8', '161');

-- 6.4.1
INSERT INTO `self_service_db`.`TEMPLATE` (`template_uuid`, `template_name`, `username`, `creation_date`, `last_edit`, `os`, `os_version`, `talend_version`, `talend_component`, `jdk_version`, `jdk_update`, `tomcat_version`) VALUES ('00000094', 'tac641-centos68-jdk8u151', 'adiallo', '2018-03-29', '2018-03-29', 'centos', '6.8', '6.4.1', 'tac', '8', '151', '8.0');
INSERT INTO `self_service_db`.`TEMPLATE` (`template_uuid`, `template_name`, `username`, `creation_date`, `last_edit`, `os`, `os_version`, `talend_version`, `talend_component`, `jdk_version`, `jdk_update`, `tomcat_version`) VALUES ('00000095', 'tac641-centos69-jdk8u151', 'adiallo', '2018-03-29', '2018-03-29', 'centos', '6.9', '6.4.1', 'tac', '8', '151', '8.0');
INSERT INTO `self_service_db`.`TEMPLATE` (`template_uuid`, `template_name`, `username`, `creation_date`, `last_edit`, `os`, `os_version`, `talend_version`, `talend_component`, `jdk_version`, `jdk_update`, `tomcat_version`) VALUES ('00000096', 'tac641-centos71-jdk8u151', 'adiallo', '2018-03-29', '2018-03-29', 'centos', '7.1', '6.4.1', 'tac', '8', '151', '8.0');
INSERT INTO `self_service_db`.`TEMPLATE` (`template_uuid`, `template_name`, `username`, `creation_date`, `last_edit`, `os`, `os_version`, `talend_version`, `talend_component`, `jdk_version`, `jdk_update`, `tomcat_version`) VALUES ('00000097', 'tac641-centos72-jdk8u151', 'adiallo', '2018-03-29', '2018-03-29', 'centos', '7.2', '6.4.1', 'tac', '8', '151', '8.0');
INSERT INTO `self_service_db`.`TEMPLATE` (`template_uuid`, `template_name`, `username`, `creation_date`, `last_edit`, `os`, `os_version`, `talend_version`, `talend_component`, `jdk_version`, `jdk_update`, `tomcat_version`) VALUES ('00000098', 'tac641-centos73-jdk8u151', 'adiallo', '2018-03-29', '2018-03-29', 'centos', '7.3', '6.4.1', 'tac', '8', '151', '8.0');

INSERT INTO `self_service_db`.`TEMPLATE` (`template_uuid`, `template_name`, `username`, `creation_date`, `last_edit`, `os`, `os_version`, `talend_version`, `talend_component`, `jdk_version`, `jdk_update`) VALUES ('00000099', 'jobserver641-centos68-jdk8u161', 'adiallo', '2018-03-29', '2018-03-29', 'centos', '6.8', '6.4.1', 'jobserver', '8', '161');
INSERT INTO `self_service_db`.`TEMPLATE` (`template_uuid`, `template_name`, `username`, `creation_date`, `last_edit`, `os`, `os_version`, `talend_version`, `talend_component`, `jdk_version`, `jdk_update`) VALUES ('00000100', 'jobserver641-centos69-jdk8u161', 'adiallo', '2018-03-29', '2018-03-29', 'centos', '6.9', '6.4.1', 'jobserver', '8', '161');
INSERT INTO `self_service_db`.`TEMPLATE` (`template_uuid`, `template_name`, `username`, `creation_date`, `last_edit`, `os`, `os_version`, `talend_version`, `talend_component`, `jdk_version`, `jdk_update`) VALUES ('00000101', 'jobserver641-centos71-jdk8u161', 'adiallo', '2018-03-29', '2018-03-29', 'centos', '7.1', '6.4.1', 'jobserver', '8', '161');
INSERT INTO `self_service_db`.`TEMPLATE` (`template_uuid`, `template_name`, `username`, `creation_date`, `last_edit`, `os`, `os_version`, `talend_version`, `talend_component`, `jdk_version`, `jdk_update`) VALUES ('00000102', 'jobserver641-centos72-jdk8u161', 'adiallo', '2018-03-29', '2018-03-29', 'centos', '7.2', '6.4.1', 'jobserver', '8', '161');
INSERT INTO `self_service_db`.`TEMPLATE` (`template_uuid`, `template_name`, `username`, `creation_date`, `last_edit`, `os`, `os_version`, `talend_version`, `talend_component`, `jdk_version`, `jdk_update`) VALUES ('00000103', 'jobserver641-centos73-jdk8u161', 'adiallo', '2018-03-29', '2018-03-29', 'centos', '7.3', '6.4.1', 'jobserver', '8', '161');

INSERT INTO `self_service_db`.`TEMPLATE` (`template_uuid`, `template_name`, `username`, `creation_date`, `last_edit`, `os`, `os_version`, `talend_version`, `talend_component`, `jdk_version`, `jdk_update`) VALUES ('00000104', 'cmdline641-centos68-jdk8u161', 'adiallo', '2018-03-29', '2018-03-29', 'centos', '6.8', '6.4.1', 'cmdline', '8', '161');
INSERT INTO `self_service_db`.`TEMPLATE` (`template_uuid`, `template_name`, `username`, `creation_date`, `last_edit`, `os`, `os_version`, `talend_version`, `talend_component`, `jdk_version`, `jdk_update`) VALUES ('00000105', 'cmdline641-centos69-jdk8u161', 'adiallo', '2018-03-29', '2018-03-29', 'centos', '6.9', '6.4.1', 'cmdline', '8', '161');
INSERT INTO `self_service_db`.`TEMPLATE` (`template_uuid`, `template_name`, `username`, `creation_date`, `last_edit`, `os`, `os_version`, `talend_version`, `talend_component`, `jdk_version`, `jdk_update`) VALUES ('00000106', 'cmdline641-centos71-jdk8u161', 'adiallo', '2018-03-29', '2018-03-29', 'centos', '7.1', '6.4.1', 'cmdline', '8', '161');
INSERT INTO `self_service_db`.`TEMPLATE` (`template_uuid`, `template_name`, `username`, `creation_date`, `last_edit`, `os`, `os_version`, `talend_version`, `talend_component`, `jdk_version`, `jdk_update`) VALUES ('00000107', 'cmdline641-centos72-jdk8u161', 'adiallo', '2018-03-29', '2018-03-29', 'centos', '7.2', '6.4.1', 'cmdline', '8', '161');
INSERT INTO `self_service_db`.`TEMPLATE` (`template_uuid`, `template_name`, `username`, `creation_date`, `last_edit`, `os`, `os_version`, `talend_version`, `talend_component`, `jdk_version`, `jdk_update`) VALUES ('00000108', 'cmdline641-centos73-jdk8u161', 'adiallo', '2018-03-29', '2018-03-29', 'centos', '7.3', '6.4.1', 'cmdline', '8', '161');

-- 6.5.1
INSERT INTO `self_service_db`.`TEMPLATE` (`template_uuid`, `template_name`, `username`, `creation_date`, `last_edit`, `os`, `os_version`, `talend_version`, `talend_component`, `jdk_version`, `jdk_update`, `tomcat_version`) VALUES ('00000109', 'tac641-centos67-jdk8u151', 'adiallo', '2018-03-29', '2018-03-29', 'centos', '6.7', '6.4.1', 'tac', '8', '151', '8.0');
INSERT INTO `self_service_db`.`TEMPLATE` (`template_uuid`, `template_name`, `username`, `creation_date`, `last_edit`, `os`, `os_version`, `talend_version`, `talend_component`, `jdk_version`, `jdk_update`, `tomcat_version`) VALUES ('00000110', 'tac641-centos68-jdk8u151', 'adiallo', '2018-03-29', '2018-03-29', 'centos', '6.8', '6.4.1', 'tac', '8', '151', '8.0');
INSERT INTO `self_service_db`.`TEMPLATE` (`template_uuid`, `template_name`, `username`, `creation_date`, `last_edit`, `os`, `os_version`, `talend_version`, `talend_component`, `jdk_version`, `jdk_update`, `tomcat_version`) VALUES ('00000111', 'tac641-centos69-jdk8u151', 'adiallo', '2018-03-29', '2018-03-29', 'centos', '6.9', '6.4.1', 'tac', '8', '151', '8.0');
INSERT INTO `self_service_db`.`TEMPLATE` (`template_uuid`, `template_name`, `username`, `creation_date`, `last_edit`, `os`, `os_version`, `talend_version`, `talend_component`, `jdk_version`, `jdk_update`, `tomcat_version`) VALUES ('00000112', 'tac641-centos71-jdk8u151', 'adiallo', '2018-03-29', '2018-03-29', 'centos', '7.1', '6.4.1', 'tac', '8', '151', '8.0');
INSERT INTO `self_service_db`.`TEMPLATE` (`template_uuid`, `template_name`, `username`, `creation_date`, `last_edit`, `os`, `os_version`, `talend_version`, `talend_component`, `jdk_version`, `jdk_update`, `tomcat_version`) VALUES ('00000113', 'tac641-centos72-jdk8u151', 'adiallo', '2018-03-29', '2018-03-29', 'centos', '7.2', '6.4.1', 'tac', '8', '151', '8.0');
INSERT INTO `self_service_db`.`TEMPLATE` (`template_uuid`, `template_name`, `username`, `creation_date`, `last_edit`, `os`, `os_version`, `talend_version`, `talend_component`, `jdk_version`, `jdk_update`, `tomcat_version`) VALUES ('00000114', 'tac641-centos73-jdk8u151', 'adiallo', '2018-03-29', '2018-03-29', 'centos', '7.3', '6.4.1', 'tac', '8', '151', '8.0');

INSERT INTO `self_service_db`.`TEMPLATE` (`template_uuid`, `template_name`, `username`, `creation_date`, `last_edit`, `os`, `os_version`, `talend_version`, `talend_component`, `jdk_version`, `jdk_update`) VALUES ('00000115', 'jobserver641-centos67-jdk8u161', 'adiallo', '2018-03-29', '2018-03-29', 'centos', '6.7', '6.4.1', 'jobserver', '8', '161');
INSERT INTO `self_service_db`.`TEMPLATE` (`template_uuid`, `template_name`, `username`, `creation_date`, `last_edit`, `os`, `os_version`, `talend_version`, `talend_component`, `jdk_version`, `jdk_update`) VALUES ('00000116', 'jobserver641-centos68-jdk8u161', 'adiallo', '2018-03-29', '2018-03-29', 'centos', '6.8', '6.4.1', 'jobserver', '8', '161');
INSERT INTO `self_service_db`.`TEMPLATE` (`template_uuid`, `template_name`, `username`, `creation_date`, `last_edit`, `os`, `os_version`, `talend_version`, `talend_component`, `jdk_version`, `jdk_update`) VALUES ('00000117', 'jobserver641-centos69-jdk8u161', 'adiallo', '2018-03-29', '2018-03-29', 'centos', '6.9', '6.4.1', 'jobserver', '8', '161');
INSERT INTO `self_service_db`.`TEMPLATE` (`template_uuid`, `template_name`, `username`, `creation_date`, `last_edit`, `os`, `os_version`, `talend_version`, `talend_component`, `jdk_version`, `jdk_update`) VALUES ('00000118', 'jobserver641-centos71-jdk8u161', 'adiallo', '2018-03-29', '2018-03-29', 'centos', '7.1', '6.4.1', 'jobserver', '8', '161');
INSERT INTO `self_service_db`.`TEMPLATE` (`template_uuid`, `template_name`, `username`, `creation_date`, `last_edit`, `os`, `os_version`, `talend_version`, `talend_component`, `jdk_version`, `jdk_update`) VALUES ('00000119', 'jobserver641-centos72-jdk8u161', 'adiallo', '2018-03-29', '2018-03-29', 'centos', '7.2', '6.4.1', 'jobserver', '8', '161');
INSERT INTO `self_service_db`.`TEMPLATE` (`template_uuid`, `template_name`, `username`, `creation_date`, `last_edit`, `os`, `os_version`, `talend_version`, `talend_component`, `jdk_version`, `jdk_update`) VALUES ('00000120', 'jobserver641-centos73-jdk8u161', 'adiallo', '2018-03-29', '2018-03-29', 'centos', '7.3', '6.4.1', 'jobserver', '8', '161');

INSERT INTO `self_service_db`.`TEMPLATE` (`template_uuid`, `template_name`, `username`, `creation_date`, `last_edit`, `os`, `os_version`, `talend_version`, `talend_component`, `jdk_version`, `jdk_update`) VALUES ('00000121', 'cmdline641-centos67-jdk8u161', 'adiallo', '2018-03-29', '2018-03-29', 'centos', '6.7', '6.4.1', 'cmdline', '8', '161');
INSERT INTO `self_service_db`.`TEMPLATE` (`template_uuid`, `template_name`, `username`, `creation_date`, `last_edit`, `os`, `os_version`, `talend_version`, `talend_component`, `jdk_version`, `jdk_update`) VALUES ('00000122', 'cmdline641-centos68-jdk8u161', 'adiallo', '2018-03-29', '2018-03-29', 'centos', '6.8', '6.4.1', 'cmdline', '8', '161');
INSERT INTO `self_service_db`.`TEMPLATE` (`template_uuid`, `template_name`, `username`, `creation_date`, `last_edit`, `os`, `os_version`, `talend_version`, `talend_component`, `jdk_version`, `jdk_update`) VALUES ('00000123', 'cmdline641-centos69-jdk8u161', 'adiallo', '2018-03-29', '2018-03-29', 'centos', '6.9', '6.4.1', 'cmdline', '8', '161');
INSERT INTO `self_service_db`.`TEMPLATE` (`template_uuid`, `template_name`, `username`, `creation_date`, `last_edit`, `os`, `os_version`, `talend_version`, `talend_component`, `jdk_version`, `jdk_update`) VALUES ('00000124', 'cmdline641-centos71-jdk8u161', 'adiallo', '2018-03-29', '2018-03-29', 'centos', '7.1', '6.4.1', 'cmdline', '8', '161');
INSERT INTO `self_service_db`.`TEMPLATE` (`template_uuid`, `template_name`, `username`, `creation_date`, `last_edit`, `os`, `os_version`, `talend_version`, `talend_component`, `jdk_version`, `jdk_update`) VALUES ('00000125', 'cmdline641-centos72-jdk8u161', 'adiallo', '2018-03-29', '2018-03-29', 'centos', '7.2', '6.4.1', 'cmdline', '8', '161');
INSERT INTO `self_service_db`.`TEMPLATE` (`template_uuid`, `template_name`, `username`, `creation_date`, `last_edit`, `os`, `os_version`, `talend_version`, `talend_component`, `jdk_version`, `jdk_update`) VALUES ('00000126', 'cmdline641-centos73-jdk8u161', 'adiallo', '2018-03-29', '2018-03-29', 'centos', '7.3', '6.4.1', 'cmdline', '8', '161');

-- INSERT REQUESTS
-- Ubuntu and Centos Requests
INSERT INTO `self_service_db`.`REQUEST` (`request_uuid`, `request_date`, `request_status`, `salesforce_case`, `username`, `template_uuid`) VALUES ('00000001' , '04-03-18', 'pending', '00012345', 'fgalindo', '00000001');
INSERT INTO `self_service_db`.`REQUEST` (`request_uuid`, `request_date`, `request_status`, `salesforce_case`, `username`, `template_uuid`) VALUES ('00000002' , '04-03-18', 'pending', '00012345', 'fgalindo', '00000002');
INSERT INTO `self_service_db`.`REQUEST` (`request_uuid`, `request_date`, `request_status`, `salesforce_case`, `username`, `template_uuid`) VALUES ('00000003' , '04-03-18', 'pending', '00012345', 'fgalindo', '00000003');
INSERT INTO `self_service_db`.`REQUEST` (`request_uuid`, `request_date`, `request_status`, `salesforce_case`, `username`, `template_uuid`) VALUES ('00000004' , '04-03-18', 'pending', '00012345', 'fgalindo', '00000004');
INSERT INTO `self_service_db`.`REQUEST` (`request_uuid`, `request_date`, `request_status`, `salesforce_case`, `username`, `template_uuid`) VALUES ('00000005' , '04-03-18', 'pending', '00012345', 'fgalindo', '00000005');
INSERT INTO `self_service_db`.`REQUEST` (`request_uuid`, `request_date`, `request_status`, `salesforce_case`, `username`, `template_uuid`) VALUES ('00000006' , '04-03-18', 'pending', '00012345', 'fgalindo', '00000006');
INSERT INTO `self_service_db`.`REQUEST` (`request_uuid`, `request_date`, `request_status`, `salesforce_case`, `username`, `template_uuid`) VALUES ('00000007' , '04-03-18', 'pending', '00012345', 'fgalindo', '00000007');
INSERT INTO `self_service_db`.`REQUEST` (`request_uuid`, `request_date`, `request_status`, `salesforce_case`, `username`, `template_uuid`) VALUES ('00000008' , '04-03-18', 'pending', '00012345', 'fgalindo', '00000008');
INSERT INTO `self_service_db`.`REQUEST` (`request_uuid`, `request_date`, `request_status`, `salesforce_case`, `username`, `template_uuid`) VALUES ('00000009' , '04-03-18', 'pending', '00012345', 'fgalindo', '00000009');
INSERT INTO `self_service_db`.`REQUEST` (`request_uuid`, `request_date`, `request_status`, `salesforce_case`, `username`, `template_uuid`) VALUES ('00000010' , '04-03-18', 'pending', '00012345', 'fgalindo', '00000010');
INSERT INTO `self_service_db`.`REQUEST` (`request_uuid`, `request_date`, `request_status`, `salesforce_case`, `username`, `template_uuid`) VALUES ('00000011' , '04-03-18', 'pending', '00012345', 'fgalindo', '00000011');
INSERT INTO `self_service_db`.`REQUEST` (`request_uuid`, `request_date`, `request_status`, `salesforce_case`, `username`, `template_uuid`) VALUES ('00000012' , '04-03-18', 'pending', '00012345', 'fgalindo', '00000012');
INSERT INTO `self_service_db`.`REQUEST` (`request_uuid`, `request_date`, `request_status`, `salesforce_case`, `username`, `template_uuid`) VALUES ('00000013' , '04-03-18', 'pending', '00012345', 'fgalindo', '00000013');
INSERT INTO `self_service_db`.`REQUEST` (`request_uuid`, `request_date`, `request_status`, `salesforce_case`, `username`, `template_uuid`) VALUES ('00000014' , '04-03-18', 'pending', '00012345', 'fgalindo', '00000014');
INSERT INTO `self_service_db`.`REQUEST` (`request_uuid`, `request_date`, `request_status`, `salesforce_case`, `username`, `template_uuid`) VALUES ('00000015' , '04-03-18', 'pending', '00012345', 'fgalindo', '00000015');
INSERT INTO `self_service_db`.`REQUEST` (`request_uuid`, `request_date`, `request_status`, `salesforce_case`, `username`, `template_uuid`) VALUES ('00000016' , '04-03-18', 'pending', '00012345', 'fgalindo', '00000016');
INSERT INTO `self_service_db`.`REQUEST` (`request_uuid`, `request_date`, `request_status`, `salesforce_case`, `username`, `template_uuid`) VALUES ('00000017' , '04-03-18', 'pending', '00012345', 'fgalindo', '00000017');
INSERT INTO `self_service_db`.`REQUEST` (`request_uuid`, `request_date`, `request_status`, `salesforce_case`, `username`, `template_uuid`) VALUES ('00000018' , '04-03-18', 'pending', '00012345', 'fgalindo', '00000018');
INSERT INTO `self_service_db`.`REQUEST` (`request_uuid`, `request_date`, `request_status`, `salesforce_case`, `username`, `template_uuid`) VALUES ('00000019' , '04-03-18', 'pending', '00012345', 'fgalindo', '00000019');
INSERT INTO `self_service_db`.`REQUEST` (`request_uuid`, `request_date`, `request_status`, `salesforce_case`, `username`, `template_uuid`) VALUES ('00000020' , '04-03-18', 'pending', '00012345', 'fgalindo', '00000020');
INSERT INTO `self_service_db`.`REQUEST` (`request_uuid`, `request_date`, `request_status`, `salesforce_case`, `username`, `template_uuid`) VALUES ('00000021' , '04-03-18', 'pending', '00012345', 'fgalindo', '00000021');
INSERT INTO `self_service_db`.`REQUEST` (`request_uuid`, `request_date`, `request_status`, `salesforce_case`, `username`, `template_uuid`) VALUES ('00000022' , '04-03-18', 'pending', '00012345', 'fgalindo', '00000022');
INSERT INTO `self_service_db`.`REQUEST` (`request_uuid`, `request_date`, `request_status`, `salesforce_case`, `username`, `template_uuid`) VALUES ('00000023' , '04-03-18', 'pending', '00012345', 'fgalindo', '00000023');
INSERT INTO `self_service_db`.`REQUEST` (`request_uuid`, `request_date`, `request_status`, `salesforce_case`, `username`, `template_uuid`) VALUES ('00000024' , '04-03-18', 'pending', '00012345', 'fgalindo', '00000024');
INSERT INTO `self_service_db`.`REQUEST` (`request_uuid`, `request_date`, `request_status`, `salesforce_case`, `username`, `template_uuid`) VALUES ('00000025' , '04-03-18', 'pending', '00012345', 'fgalindo', '00000025');
INSERT INTO `self_service_db`.`REQUEST` (`request_uuid`, `request_date`, `request_status`, `salesforce_case`, `username`, `template_uuid`) VALUES ('00000026' , '04-03-18', 'pending', '00012345', 'fgalindo', '00000026');
INSERT INTO `self_service_db`.`REQUEST` (`request_uuid`, `request_date`, `request_status`, `salesforce_case`, `username`, `template_uuid`) VALUES ('00000027' , '04-03-18', 'pending', '00012345', 'fgalindo', '00000027');
INSERT INTO `self_service_db`.`REQUEST` (`request_uuid`, `request_date`, `request_status`, `salesforce_case`, `username`, `template_uuid`) VALUES ('00000028' , '04-03-18', 'pending', '00012345', 'fgalindo', '00000028');
INSERT INTO `self_service_db`.`REQUEST` (`request_uuid`, `request_date`, `request_status`, `salesforce_case`, `username`, `template_uuid`) VALUES ('00000029' , '04-03-18', 'pending', '00012345', 'fgalindo', '00000029');
INSERT INTO `self_service_db`.`REQUEST` (`request_uuid`, `request_date`, `request_status`, `salesforce_case`, `username`, `template_uuid`) VALUES ('00000030' , '04-03-18', 'pending', '00012345', 'fgalindo', '00000030');
INSERT INTO `self_service_db`.`REQUEST` (`request_uuid`, `request_date`, `request_status`, `salesforce_case`, `username`, `template_uuid`) VALUES ('00000031' , '04-03-18', 'pending', '00012345', 'fgalindo', '00000031');
INSERT INTO `self_service_db`.`REQUEST` (`request_uuid`, `request_date`, `request_status`, `salesforce_case`, `username`, `template_uuid`) VALUES ('00000032' , '04-03-18', 'pending', '00012345', 'fgalindo', '00000032');
INSERT INTO `self_service_db`.`REQUEST` (`request_uuid`, `request_date`, `request_status`, `salesforce_case`, `username`, `template_uuid`) VALUES ('00000033' , '04-03-18', 'pending', '00012345', 'fgalindo', '00000033');
INSERT INTO `self_service_db`.`REQUEST` (`request_uuid`, `request_date`, `request_status`, `salesforce_case`, `username`, `template_uuid`) VALUES ('00000034' , '04-03-18', 'pending', '00012345', 'fgalindo', '00000034');
INSERT INTO `self_service_db`.`REQUEST` (`request_uuid`, `request_date`, `request_status`, `salesforce_case`, `username`, `template_uuid`) VALUES ('00000035' , '04-03-18', 'pending', '00012345', 'fgalindo', '00000035');
INSERT INTO `self_service_db`.`REQUEST` (`request_uuid`, `request_date`, `request_status`, `salesforce_case`, `username`, `template_uuid`) VALUES ('00000036' , '04-03-18', 'pending', '00012345', 'fgalindo', '00000036');
INSERT INTO `self_service_db`.`REQUEST` (`request_uuid`, `request_date`, `request_status`, `salesforce_case`, `username`, `template_uuid`) VALUES ('00000037' , '04-03-18', 'pending', '00012345', 'fgalindo', '00000037');
INSERT INTO `self_service_db`.`REQUEST` (`request_uuid`, `request_date`, `request_status`, `salesforce_case`, `username`, `template_uuid`) VALUES ('00000038' , '04-03-18', 'pending', '00012345', 'fgalindo', '00000038');
INSERT INTO `self_service_db`.`REQUEST` (`request_uuid`, `request_date`, `request_status`, `salesforce_case`, `username`, `template_uuid`) VALUES ('00000039' , '04-03-18', 'pending', '00012345', 'fgalindo', '00000039');
INSERT INTO `self_service_db`.`REQUEST` (`request_uuid`, `request_date`, `request_status`, `salesforce_case`, `username`, `template_uuid`) VALUES ('00000040' , '04-03-18', 'pending', '00012345', 'fgalindo', '00000040');
INSERT INTO `self_service_db`.`REQUEST` (`request_uuid`, `request_date`, `request_status`, `salesforce_case`, `username`, `template_uuid`) VALUES ('00000041' , '04-03-18', 'pending', '00012345', 'fgalindo', '00000041');
INSERT INTO `self_service_db`.`REQUEST` (`request_uuid`, `request_date`, `request_status`, `salesforce_case`, `username`, `template_uuid`) VALUES ('00000042' , '04-03-18', 'pending', '00012345', 'fgalindo', '00000042');
INSERT INTO `self_service_db`.`REQUEST` (`request_uuid`, `request_date`, `request_status`, `salesforce_case`, `username`, `template_uuid`) VALUES ('00000043' , '04-03-18', 'pending', '00012345', 'fgalindo', '00000043');
INSERT INTO `self_service_db`.`REQUEST` (`request_uuid`, `request_date`, `request_status`, `salesforce_case`, `username`, `template_uuid`) VALUES ('00000044' , '04-03-18', 'pending', '00012345', 'fgalindo', '00000044');
INSERT INTO `self_service_db`.`REQUEST` (`request_uuid`, `request_date`, `request_status`, `salesforce_case`, `username`, `template_uuid`) VALUES ('00000045' , '04-03-18', 'pending', '00012345', 'fgalindo', '00000045');
INSERT INTO `self_service_db`.`REQUEST` (`request_uuid`, `request_date`, `request_status`, `salesforce_case`, `username`, `template_uuid`) VALUES ('00000046' , '04-03-18', 'pending', '00012345', 'fgalindo', '00000046');
INSERT INTO `self_service_db`.`REQUEST` (`request_uuid`, `request_date`, `request_status`, `salesforce_case`, `username`, `template_uuid`) VALUES ('00000047' , '04-03-18', 'pending', '00012345', 'fgalindo', '00000047');
INSERT INTO `self_service_db`.`REQUEST` (`request_uuid`, `request_date`, `request_status`, `salesforce_case`, `username`, `template_uuid`) VALUES ('00000048' , '04-03-18', 'pending', '00012345', 'fgalindo', '00000048');
INSERT INTO `self_service_db`.`REQUEST` (`request_uuid`, `request_date`, `request_status`, `salesforce_case`, `username`, `template_uuid`) VALUES ('00000049' , '04-03-18', 'pending', '00012345', 'fgalindo', '00000049');
INSERT INTO `self_service_db`.`REQUEST` (`request_uuid`, `request_date`, `request_status`, `salesforce_case`, `username`, `template_uuid`) VALUES ('00000050' , '04-03-18', 'pending', '00012345', 'fgalindo', '00000050');
INSERT INTO `self_service_db`.`REQUEST` (`request_uuid`, `request_date`, `request_status`, `salesforce_case`, `username`, `template_uuid`) VALUES ('00000051' , '04-03-18', 'pending', '00012345', 'fgalindo', '00000051');
INSERT INTO `self_service_db`.`REQUEST` (`request_uuid`, `request_date`, `request_status`, `salesforce_case`, `username`, `template_uuid`) VALUES ('00000052' , '04-03-18', 'pending', '00012345', 'fgalindo', '00000052');
INSERT INTO `self_service_db`.`REQUEST` (`request_uuid`, `request_date`, `request_status`, `salesforce_case`, `username`, `template_uuid`) VALUES ('00000053' , '04-03-18', 'pending', '00012345', 'fgalindo', '00000053');
INSERT INTO `self_service_db`.`REQUEST` (`request_uuid`, `request_date`, `request_status`, `salesforce_case`, `username`, `template_uuid`) VALUES ('00000054' , '04-03-18', 'pending', '00012345', 'fgalindo', '00000054');
INSERT INTO `self_service_db`.`REQUEST` (`request_uuid`, `request_date`, `request_status`, `salesforce_case`, `username`, `template_uuid`) VALUES ('00000055' , '04-03-18', 'pending', '00012345', 'fgalindo', '00000055');
INSERT INTO `self_service_db`.`REQUEST` (`request_uuid`, `request_date`, `request_status`, `salesforce_case`, `username`, `template_uuid`) VALUES ('00000056' , '04-03-18', 'pending', '00012345', 'fgalindo', '00000056');
INSERT INTO `self_service_db`.`REQUEST` (`request_uuid`, `request_date`, `request_status`, `salesforce_case`, `username`, `template_uuid`) VALUES ('00000057' , '04-03-18', 'pending', '00012345', 'fgalindo', '00000057');
INSERT INTO `self_service_db`.`REQUEST` (`request_uuid`, `request_date`, `request_status`, `salesforce_case`, `username`, `template_uuid`) VALUES ('00000058' , '04-03-18', 'pending', '00012345', 'fgalindo', '00000058');
INSERT INTO `self_service_db`.`REQUEST` (`request_uuid`, `request_date`, `request_status`, `salesforce_case`, `username`, `template_uuid`) VALUES ('00000059' , '04-03-18', 'pending', '00012345', 'fgalindo', '00000059');
INSERT INTO `self_service_db`.`REQUEST` (`request_uuid`, `request_date`, `request_status`, `salesforce_case`, `username`, `template_uuid`) VALUES ('00000060' , '04-03-18', 'pending', '00012345', 'fgalindo', '00000060');
INSERT INTO `self_service_db`.`REQUEST` (`request_uuid`, `request_date`, `request_status`, `salesforce_case`, `username`, `template_uuid`) VALUES ('00000061' , '04-03-18', 'pending', '00012345', 'fgalindo', '00000061');
INSERT INTO `self_service_db`.`REQUEST` (`request_uuid`, `request_date`, `request_status`, `salesforce_case`, `username`, `template_uuid`) VALUES ('00000062' , '04-03-18', 'pending', '00012345', 'fgalindo', '00000062');
INSERT INTO `self_service_db`.`REQUEST` (`request_uuid`, `request_date`, `request_status`, `salesforce_case`, `username`, `template_uuid`) VALUES ('00000063' , '04-03-18', 'pending', '00012345', 'fgalindo', '00000063');
INSERT INTO `self_service_db`.`REQUEST` (`request_uuid`, `request_date`, `request_status`, `salesforce_case`, `username`, `template_uuid`) VALUES ('00000064' , '04-03-18', 'pending', '00012345', 'fgalindo', '00000064');
INSERT INTO `self_service_db`.`REQUEST` (`request_uuid`, `request_date`, `request_status`, `salesforce_case`, `username`, `template_uuid`) VALUES ('00000065' , '04-03-18', 'pending', '00012345', 'fgalindo', '00000065');
INSERT INTO `self_service_db`.`REQUEST` (`request_uuid`, `request_date`, `request_status`, `salesforce_case`, `username`, `template_uuid`) VALUES ('00000066' , '04-03-18', 'pending', '00012345', 'fgalindo', '00000066');
INSERT INTO `self_service_db`.`REQUEST` (`request_uuid`, `request_date`, `request_status`, `salesforce_case`, `username`, `template_uuid`) VALUES ('00000067' , '04-03-18', 'pending', '00012345', 'fgalindo', '00000067');
INSERT INTO `self_service_db`.`REQUEST` (`request_uuid`, `request_date`, `request_status`, `salesforce_case`, `username`, `template_uuid`) VALUES ('00000068' , '04-03-18', 'pending', '00012345', 'fgalindo', '00000068');
INSERT INTO `self_service_db`.`REQUEST` (`request_uuid`, `request_date`, `request_status`, `salesforce_case`, `username`, `template_uuid`) VALUES ('00000069' , '04-03-18', 'pending', '00012345', 'fgalindo', '00000069');
INSERT INTO `self_service_db`.`REQUEST` (`request_uuid`, `request_date`, `request_status`, `salesforce_case`, `username`, `template_uuid`) VALUES ('00000070' , '04-03-18', 'pending', '00012345', 'fgalindo', '00000070');
INSERT INTO `self_service_db`.`REQUEST` (`request_uuid`, `request_date`, `request_status`, `salesforce_case`, `username`, `template_uuid`) VALUES ('00000071' , '04-03-18', 'pending', '00012345', 'fgalindo', '00000071');
INSERT INTO `self_service_db`.`REQUEST` (`request_uuid`, `request_date`, `request_status`, `salesforce_case`, `username`, `template_uuid`) VALUES ('00000072' , '04-03-18', 'pending', '00012345', 'fgalindo', '00000072');
INSERT INTO `self_service_db`.`REQUEST` (`request_uuid`, `request_date`, `request_status`, `salesforce_case`, `username`, `template_uuid`) VALUES ('00000073' , '04-03-18', 'pending', '00012345', 'fgalindo', '00000073');
INSERT INTO `self_service_db`.`REQUEST` (`request_uuid`, `request_date`, `request_status`, `salesforce_case`, `username`, `template_uuid`) VALUES ('00000074' , '04-03-18', 'pending', '00012345', 'fgalindo', '00000074');
INSERT INTO `self_service_db`.`REQUEST` (`request_uuid`, `request_date`, `request_status`, `salesforce_case`, `username`, `template_uuid`) VALUES ('00000075' , '04-03-18', 'pending', '00012345', 'fgalindo', '00000075');
INSERT INTO `self_service_db`.`REQUEST` (`request_uuid`, `request_date`, `request_status`, `salesforce_case`, `username`, `template_uuid`) VALUES ('00000076' , '04-03-18', 'pending', '00012345', 'fgalindo', '00000076');
INSERT INTO `self_service_db`.`REQUEST` (`request_uuid`, `request_date`, `request_status`, `salesforce_case`, `username`, `template_uuid`) VALUES ('00000077' , '04-03-18', 'pending', '00012345', 'fgalindo', '00000077');
INSERT INTO `self_service_db`.`REQUEST` (`request_uuid`, `request_date`, `request_status`, `salesforce_case`, `username`, `template_uuid`) VALUES ('00000078' , '04-03-18', 'pending', '00012345', 'fgalindo', '00000078');
INSERT INTO `self_service_db`.`REQUEST` (`request_uuid`, `request_date`, `request_status`, `salesforce_case`, `username`, `template_uuid`) VALUES ('00000079' , '04-03-18', 'pending', '00012345', 'fgalindo', '00000079');
INSERT INTO `self_service_db`.`REQUEST` (`request_uuid`, `request_date`, `request_status`, `salesforce_case`, `username`, `template_uuid`) VALUES ('00000080' , '04-03-18', 'pending', '00012345', 'fgalindo', '00000080');
INSERT INTO `self_service_db`.`REQUEST` (`request_uuid`, `request_date`, `request_status`, `salesforce_case`, `username`, `template_uuid`) VALUES ('00000081' , '04-03-18', 'pending', '00012345', 'fgalindo', '00000081');
INSERT INTO `self_service_db`.`REQUEST` (`request_uuid`, `request_date`, `request_status`, `salesforce_case`, `username`, `template_uuid`) VALUES ('00000082' , '04-03-18', 'pending', '00012345', 'fgalindo', '00000082');
INSERT INTO `self_service_db`.`REQUEST` (`request_uuid`, `request_date`, `request_status`, `salesforce_case`, `username`, `template_uuid`) VALUES ('00000083' , '04-03-18', 'pending', '00012345', 'fgalindo', '00000083');
INSERT INTO `self_service_db`.`REQUEST` (`request_uuid`, `request_date`, `request_status`, `salesforce_case`, `username`, `template_uuid`) VALUES ('00000084' , '04-03-18', 'pending', '00012345', 'fgalindo', '00000084');
INSERT INTO `self_service_db`.`REQUEST` (`request_uuid`, `request_date`, `request_status`, `salesforce_case`, `username`, `template_uuid`) VALUES ('00000085' , '04-03-18', 'pending', '00012345', 'fgalindo', '00000085');
INSERT INTO `self_service_db`.`REQUEST` (`request_uuid`, `request_date`, `request_status`, `salesforce_case`, `username`, `template_uuid`) VALUES ('00000086' , '04-03-18', 'pending', '00012345', 'fgalindo', '00000086');
INSERT INTO `self_service_db`.`REQUEST` (`request_uuid`, `request_date`, `request_status`, `salesforce_case`, `username`, `template_uuid`) VALUES ('00000087' , '04-03-18', 'pending', '00012345', 'fgalindo', '00000087');
INSERT INTO `self_service_db`.`REQUEST` (`request_uuid`, `request_date`, `request_status`, `salesforce_case`, `username`, `template_uuid`) VALUES ('00000088' , '04-03-18', 'pending', '00012345', 'fgalindo', '00000088');
INSERT INTO `self_service_db`.`REQUEST` (`request_uuid`, `request_date`, `request_status`, `salesforce_case`, `username`, `template_uuid`) VALUES ('00000089' , '04-03-18', 'pending', '00012345', 'fgalindo', '00000089');
INSERT INTO `self_service_db`.`REQUEST` (`request_uuid`, `request_date`, `request_status`, `salesforce_case`, `username`, `template_uuid`) VALUES ('00000090' , '04-03-18', 'pending', '00012345', 'fgalindo', '00000090');
INSERT INTO `self_service_db`.`REQUEST` (`request_uuid`, `request_date`, `request_status`, `salesforce_case`, `username`, `template_uuid`) VALUES ('00000091' , '04-03-18', 'pending', '00012345', 'fgalindo', '00000091');
INSERT INTO `self_service_db`.`REQUEST` (`request_uuid`, `request_date`, `request_status`, `salesforce_case`, `username`, `template_uuid`) VALUES ('00000092' , '04-03-18', 'pending', '00012345', 'fgalindo', '00000092');
INSERT INTO `self_service_db`.`REQUEST` (`request_uuid`, `request_date`, `request_status`, `salesforce_case`, `username`, `template_uuid`) VALUES ('00000093' , '04-03-18', 'pending', '00012345', 'fgalindo', '00000093');
INSERT INTO `self_service_db`.`REQUEST` (`request_uuid`, `request_date`, `request_status`, `salesforce_case`, `username`, `template_uuid`) VALUES ('00000094' , '04-03-18', 'pending', '00012345', 'fgalindo', '00000094');
INSERT INTO `self_service_db`.`REQUEST` (`request_uuid`, `request_date`, `request_status`, `salesforce_case`, `username`, `template_uuid`) VALUES ('00000095' , '04-03-18', 'pending', '00012345', 'fgalindo', '00000095');
INSERT INTO `self_service_db`.`REQUEST` (`request_uuid`, `request_date`, `request_status`, `salesforce_case`, `username`, `template_uuid`) VALUES ('00000096' , '04-03-18', 'pending', '00012345', 'fgalindo', '00000096');
INSERT INTO `self_service_db`.`REQUEST` (`request_uuid`, `request_date`, `request_status`, `salesforce_case`, `username`, `template_uuid`) VALUES ('00000097' , '04-03-18', 'pending', '00012345', 'fgalindo', '00000097');
INSERT INTO `self_service_db`.`REQUEST` (`request_uuid`, `request_date`, `request_status`, `salesforce_case`, `username`, `template_uuid`) VALUES ('00000098' , '04-03-18', 'pending', '00012345', 'fgalindo', '00000098');
INSERT INTO `self_service_db`.`REQUEST` (`request_uuid`, `request_date`, `request_status`, `salesforce_case`, `username`, `template_uuid`) VALUES ('00000099' , '04-03-18', 'pending', '00012345', 'fgalindo', '00000099');
INSERT INTO `self_service_db`.`REQUEST` (`request_uuid`, `request_date`, `request_status`, `salesforce_case`, `username`, `template_uuid`) VALUES ('00000100' , '04-03-18', 'pending', '00012345', 'fgalindo', '00000100');
INSERT INTO `self_service_db`.`REQUEST` (`request_uuid`, `request_date`, `request_status`, `salesforce_case`, `username`, `template_uuid`) VALUES ('00000101' , '04-03-18', 'pending', '00012345', 'fgalindo', '00000101');
INSERT INTO `self_service_db`.`REQUEST` (`request_uuid`, `request_date`, `request_status`, `salesforce_case`, `username`, `template_uuid`) VALUES ('00000102' , '04-03-18', 'pending', '00012345', 'fgalindo', '00000102');
INSERT INTO `self_service_db`.`REQUEST` (`request_uuid`, `request_date`, `request_status`, `salesforce_case`, `username`, `template_uuid`) VALUES ('00000103' , '04-03-18', 'pending', '00012345', 'fgalindo', '00000103');
INSERT INTO `self_service_db`.`REQUEST` (`request_uuid`, `request_date`, `request_status`, `salesforce_case`, `username`, `template_uuid`) VALUES ('00000104' , '04-03-18', 'pending', '00012345', 'fgalindo', '00000104');
INSERT INTO `self_service_db`.`REQUEST` (`request_uuid`, `request_date`, `request_status`, `salesforce_case`, `username`, `template_uuid`) VALUES ('00000105' , '04-03-18', 'pending', '00012345', 'fgalindo', '00000105');
INSERT INTO `self_service_db`.`REQUEST` (`request_uuid`, `request_date`, `request_status`, `salesforce_case`, `username`, `template_uuid`) VALUES ('00000106' , '04-03-18', 'pending', '00012345', 'fgalindo', '00000106');
INSERT INTO `self_service_db`.`REQUEST` (`request_uuid`, `request_date`, `request_status`, `salesforce_case`, `username`, `template_uuid`) VALUES ('00000107' , '04-03-18', 'pending', '00012345', 'fgalindo', '00000107');
INSERT INTO `self_service_db`.`REQUEST` (`request_uuid`, `request_date`, `request_status`, `salesforce_case`, `username`, `template_uuid`) VALUES ('00000108' , '04-03-18', 'pending', '00012345', 'fgalindo', '00000108');
INSERT INTO `self_service_db`.`REQUEST` (`request_uuid`, `request_date`, `request_status`, `salesforce_case`, `username`, `template_uuid`) VALUES ('00000109' , '04-03-18', 'pending', '00012345', 'fgalindo', '00000109');
INSERT INTO `self_service_db`.`REQUEST` (`request_uuid`, `request_date`, `request_status`, `salesforce_case`, `username`, `template_uuid`) VALUES ('00000110' , '04-03-18', 'pending', '00012345', 'fgalindo', '00000110');
INSERT INTO `self_service_db`.`REQUEST` (`request_uuid`, `request_date`, `request_status`, `salesforce_case`, `username`, `template_uuid`) VALUES ('00000111' , '04-03-18', 'pending', '00012345', 'fgalindo', '00000111');
INSERT INTO `self_service_db`.`REQUEST` (`request_uuid`, `request_date`, `request_status`, `salesforce_case`, `username`, `template_uuid`) VALUES ('00000112' , '04-03-18', 'pending', '00012345', 'fgalindo', '00000112');
INSERT INTO `self_service_db`.`REQUEST` (`request_uuid`, `request_date`, `request_status`, `salesforce_case`, `username`, `template_uuid`) VALUES ('00000113' , '04-03-18', 'pending', '00012345', 'fgalindo', '00000113');
INSERT INTO `self_service_db`.`REQUEST` (`request_uuid`, `request_date`, `request_status`, `salesforce_case`, `username`, `template_uuid`) VALUES ('00000114' , '04-03-18', 'pending', '00012345', 'fgalindo', '00000114');
INSERT INTO `self_service_db`.`REQUEST` (`request_uuid`, `request_date`, `request_status`, `salesforce_case`, `username`, `template_uuid`) VALUES ('00000115' , '04-03-18', 'pending', '00012345', 'fgalindo', '00000115');
INSERT INTO `self_service_db`.`REQUEST` (`request_uuid`, `request_date`, `request_status`, `salesforce_case`, `username`, `template_uuid`) VALUES ('00000116' , '04-03-18', 'pending', '00012345', 'fgalindo', '00000116');
INSERT INTO `self_service_db`.`REQUEST` (`request_uuid`, `request_date`, `request_status`, `salesforce_case`, `username`, `template_uuid`) VALUES ('00000117' , '04-03-18', 'pending', '00012345', 'fgalindo', '00000117');
INSERT INTO `self_service_db`.`REQUEST` (`request_uuid`, `request_date`, `request_status`, `salesforce_case`, `username`, `template_uuid`) VALUES ('00000118' , '04-03-18', 'pending', '00012345', 'fgalindo', '00000118');
INSERT INTO `self_service_db`.`REQUEST` (`request_uuid`, `request_date`, `request_status`, `salesforce_case`, `username`, `template_uuid`) VALUES ('00000119' , '04-03-18', 'pending', '00012345', 'fgalindo', '00000119');
INSERT INTO `self_service_db`.`REQUEST` (`request_uuid`, `request_date`, `request_status`, `salesforce_case`, `username`, `template_uuid`) VALUES ('00000120' , '04-03-18', 'pending', '00012345', 'fgalindo', '00000120');
INSERT INTO `self_service_db`.`REQUEST` (`request_uuid`, `request_date`, `request_status`, `salesforce_case`, `username`, `template_uuid`) VALUES ('00000121' , '04-03-18', 'pending', '00012345', 'fgalindo', '00000121');
INSERT INTO `self_service_db`.`REQUEST` (`request_uuid`, `request_date`, `request_status`, `salesforce_case`, `username`, `template_uuid`) VALUES ('00000122' , '04-03-18', 'pending', '00012345', 'fgalindo', '00000122');
INSERT INTO `self_service_db`.`REQUEST` (`request_uuid`, `request_date`, `request_status`, `salesforce_case`, `username`, `template_uuid`) VALUES ('00000123' , '04-03-18', 'pending', '00012345', 'fgalindo', '00000123');
INSERT INTO `self_service_db`.`REQUEST` (`request_uuid`, `request_date`, `request_status`, `salesforce_case`, `username`, `template_uuid`) VALUES ('00000124' , '04-03-18', 'pending', '00012345', 'fgalindo', '00000124');
INSERT INTO `self_service_db`.`REQUEST` (`request_uuid`, `request_date`, `request_status`, `salesforce_case`, `username`, `template_uuid`) VALUES ('00000125' , '04-03-18', 'pending', '00012345', 'fgalindo', '00000125');
INSERT INTO `self_service_db`.`REQUEST` (`request_uuid`, `request_date`, `request_status`, `salesforce_case`, `username`, `template_uuid`) VALUES ('00000126' , '04-03-18', 'pending', '00012345', 'fgalindo', '00000126');

-- INSERT INTO IMAGES
INSERT INTO `self_service_db`.`IMAGE` (`template_uuid`, `image_name`, `dockerfile_name`) VALUES ('00000001', 'tac601-ubuntu1204-jdk8u151', '00000001.Dockerfile');
INSERT INTO `self_service_db`.`IMAGE` (`template_uuid`, `image_name`, `dockerfile_name`) VALUES ('00000002', 'tac601-ubuntu1404-jdk8u151', '00000002.Dockerfile');

COMMIT;
